[
  {
    "id": 1,
    "title": "Lorem Ipsum is simply dummy text of the printing and typesetting industry.",
    "content": "Lorem Ipsum has been the industry's standard dummy text ever since the 1500s, when an unknown printer took a galley of type and scrambled it to make a type specimen book.",
    "category": {
      "id": 1
    },
    "status": "published",
    "createdAt": "2022-06-12T11:03:09.829Z"
  },
  {
    "id": 2,
    "title": "Sequi Quod Repellendus",
    "content": "Odit natus dolor consequatur tempore recusandae exercitationem. Unde dolores aut. Dolor ipsam quam quis modi sint. Dolor itaque voluptatum non qui ratione nisi ullam assumenda. Nisi et aut incidunt fuga aut deserunt. Labore sit ut quia vero vel et sed suscipit. Voluptatum maiores adipisci vel molestiae minima in enim et. Repellendus autem quis nisi vero vel consectetur laborum. Similique quos voluptates officiis velit. Sapiente nihil ut ipsa autem.",
    "category": {
      "id": 2
    },
    "status": "published",
    "createdAt": "2021-10-11T08:03:00.155Z"
  },
  {
    "id": 3,
    "title": "Ad Enim Blanditiis",
    "content": "Illo et facilis deleniti voluptatem neque et optio. Eum rerum distinctio dolor omnis sequi expedita dicta reprehenderit quaerat. In eaque odio dicta ullam cumque qui neque molestias. Libero vitae quo pariatur tempore. Excepturi fuga pariatur est sint quasi. Expedita reiciendis laboriosam explicabo ratione quia laboriosam. Alias ratione ea. Minus ut nisi ad ex eligendi id vero soluta unde. Aut aut placeat reprehenderit voluptatem ut. Voluptatibus laborum modi ducimus.",
    "category": {
      "id": 1
    },
    "status": "rejected",
    "createdAt": "2022-04-16T16:34:03.319Z"
  },
  {
    "id": 4,
    "title": "Dolores Modi Natus",
    "content": "Magnam pariatur ut ab accusamus minus labore commodi. Excepturi natus hic aut illum mollitia. Ipsum incidunt adipisci rerum veritatis quae rerum. Ipsum blanditiis quisquam ea quia et in. Exercitationem rerum in. Ut quo quia et esse expedita consequatur sint culpa voluptas. Sed optio voluptas totam id aut odio voluptatum sequi. Velit aut ea esse alias voluptatem omnis numquam aut eligendi. Voluptatem natus suscipit. Praesentium enim reiciendis nihil delectus eum totam fugit accusantium fuga.",
    "category": {
      "id": 2
    },
    "status": "published",
    "createdAt": "2021-05-20T02:19:56.513Z"
  },
  {
    "id": 5,
    "title": "Repellendus Aspernatur Porro",
    "content": "Blanditiis voluptas suscipit harum. Nobis aspernatur quas. Asperiores optio id iste quis sint in modi. Ea explicabo velit numquam sed natus sed aliquam. Modi sapiente expedita suscipit neque reprehenderit qui et officiis. Quis et iusto quis veniam. Ut quis quidem incidunt adipisci non et ad ut. Quis quo illum nemo. Totam esse ut quisquam dolorum explicabo. Ea mollitia sed eos ducimus saepe ratione et doloremque.",
    "category": {
      "id": 3
    },
    "status": "rejected",
    "createdAt": "2022-01-09T07:01:11.195Z"
  },
  {
    "id": 6,
    "title": "Natus Ut Distinctio",
    "content": "Sit ut eos nulla. Assumenda ut aut aspernatur placeat rerum numquam quasi quos. Aut nihil ratione assumenda quos voluptatem. Repudiandae excepturi vel qui vel facilis non blanditiis asperiores. Et nesciunt consequatur natus incidunt sit accusantium maxime quo. Qui modi maxime est est aut ipsam et illo nihil. Voluptas enim quod tempora sit eveniet atque. Consectetur aperiam quisquam quis rerum. Maiores repellendus dolor et earum consequuntur sit qui dolor minima. Sint vitae veritatis qui consequuntur nemo impedit et.",
    "category": {
      "id": 4
    },
    "status": "published",
    "createdAt": "2023-02-01T15:32:15.719Z"
  },
  {
    "id": 7,
    "title": "Vel Labore Sint",
    "content": "Quasi magni asperiores laborum accusantium debitis in voluptas quia. Velit mollitia earum magnam maxime aut. Enim at assumenda quidem vel libero facilis vel. Enim voluptate maiores. Quia ut odio fugit tempore iste qui et. Sit eaque voluptate omnis dolorem perspiciatis deleniti non qui assumenda. Possimus et rerum nam possimus inventore dolorem corrupti earum. Architecto consequuntur et cupiditate. Molestiae nisi facere qui ut saepe quis. Eius adipisci tempore itaque sed odio veniam harum quia.",
    "category": {
      "id": 5
    },
    "status": "rejected",
    "createdAt": "2022-02-27T09:01:32.679Z"
  },
  {
    "id": 8,
    "title": "Minus Nulla Molestias",
    "content": "Qui velit dolorem fuga ad quas omnis harum. Ipsam sint ipsam quos nam sed adipisci. Aut adipisci asperiores tenetur laborum accusantium sint atque. Optio delectus fugiat iusto ut consequatur non delectus sit. Aut corrupti est sequi rerum asperiores fuga aut velit laborum. Quaerat magnam fuga dolores. Vel tenetur neque sapiente. Soluta quia autem delectus eos eveniet. Qui quis et velit molestiae enim qui explicabo dolor. Sit placeat molestias fugiat optio repellat voluptas.",
    "category": {
      "id": 6
    },
    "status": "rejected",
    "createdAt": "2022-11-07T12:30:27.331Z"
  },
  {
    "id": 9,
    "title": "Quibusdam Ut Natus",
    "content": "Minus nam fugiat veritatis sequi ut. Iure nisi hic exercitationem rerum tempore earum. Rerum velit nemo est omnis nulla consequatur excepturi aut. Iusto ut autem porro commodi non. Et excepturi et aliquid alias qui minima nostrum deleniti. Ut qui consequatur voluptatem. Recusandae eos et odit neque. Non quaerat voluptatem molestiae necessitatibus. Et omnis dolore aperiam delectus. Rerum et et libero.",
    "category": {
      "id": 7
    },
    "status": "draft",
    "createdAt": "2021-12-18T05:22:45.857Z"
  },
  {
    "id": 10,
    "title": "Nam Voluptas Ipsum",
    "content": "Eum quaerat nostrum nulla consequatur quia quod autem minus. Quis omnis corrupti qui dolores. Non soluta suscipit. Ut distinctio eius consequuntur unde ab vel nobis sint nostrum. Natus omnis omnis debitis. Porro sit rerum vitae officiis dolorem veniam occaecati amet. Vitae et facilis provident enim et perferendis dolorum voluptatum. Fugiat provident explicabo ut libero aperiam dolore voluptatem. Et reiciendis error cupiditate blanditiis ea velit in incidunt. Doloribus et quis totam.",
    "category": {
      "id": 8
    },
    "status": "rejected",
    "createdAt": "2021-11-21T05:29:05.942Z"
  },
  {
    "id": 11,
    "title": "Nam Placeat Expedita",
    "content": "Et iusto vel aut animi mollitia. Nesciunt nobis sunt et dolore soluta. Dolore doloremque qui vero ut. Aperiam maiores ea. Consequuntur omnis eos. Ipsam reprehenderit cupiditate maiores est fuga dolorum repellendus quisquam dolorem. Consequatur ea reprehenderit nulla quia occaecati laboriosam. Maiores dicta in tempora. Tempora et adipisci aspernatur est. Ipsum et molestiae illum fugiat.",
    "category": {
      "id": 9
    },
    "status": "rejected",
    "createdAt": "2023-05-05T19:52:59.535Z"
  },
  {
    "id": 12,
    "title": "Rerum Voluptatem Sunt",
    "content": "Voluptas et cumque numquam. Suscipit eum cumque cupiditate vel possimus voluptatibus est ut. Optio molestiae nisi officiis sint sed vel provident accusantium. Omnis voluptatum officiis voluptatem numquam necessitatibus quisquam. A sit quae numquam numquam est. Aut in placeat. Modi quod et quaerat autem nemo. Amet in laudantium. Quis adipisci facere. Sed suscipit labore.",
    "category": {
      "id": 4
    },
    "status": "rejected",
    "createdAt": "2021-06-26T00:07:45.503Z"
  },
  {
    "id": 13,
    "title": "In Sequi Recusandae",
    "content": "Quia sit nulla occaecati enim. Totam rerum delectus. Quidem dolorum a rerum odio. Et molestias magnam amet sint soluta nemo. Dolore incidunt voluptatum quo recusandae quis consectetur est rerum nobis. Sit facere dignissimos libero et sint unde nam atque sunt. Tenetur facilis eos animi animi possimus. Qui maxime ut eum. Quas accusantium non rerum accusantium id soluta. Illum fugiat similique cumque.",
    "category": {
      "id": 2
    },
    "status": "draft",
    "createdAt": "2021-10-02T13:20:44.138Z"
  },
  {
    "id": 14,
    "title": "Impedit Maiores Consequatur",
    "content": "Quibusdam sed incidunt assumenda. Nulla unde optio. Reiciendis placeat provident aut culpa aut nam et quis dolores. Ipsa velit non enim est earum quae velit totam corporis. Quod unde recusandae. Dolores et sed vel illo perferendis vitae sunt et. Cumque voluptatem dolores aut illum. Qui voluptates id ut est maxime adipisci rerum. Enim porro quo repudiandae dolore enim incidunt iste. Perferendis adipisci dicta harum.",
    "category": {
      "id": 3
    },
    "status": "draft",
    "createdAt": "2021-06-06T15:12:04.543Z"
  },
  {
    "id": 15,
    "title": "Deserunt Ut Enim",
    "content": "Explicabo quaerat officia rerum nobis non sint. Fugit blanditiis ipsum et tempora iure eaque quo. Ratione sed voluptatem rerum ad illum veniam sint. Excepturi aliquam et. Dolor reprehenderit reiciendis quia voluptatem accusamus odio et et. Voluptatem maxime enim reprehenderit veritatis voluptatem maxime. Non quia adipisci molestiae dolorem voluptatum ipsam libero sed. Illo et voluptatem. Atque sit eos et fugit fugiat quia sed aliquam eveniet. Veniam nulla dolorem exercitationem blanditiis consequatur ipsam.",
    "category": {
      "id": 9
    },
    "status": "draft",
    "createdAt": "2022-04-24T18:07:20.293Z"
  },
  {
    "id": 16,
    "title": "Ut Voluptatem Est",
    "content": "Repellendus temporibus provident nobis. Non adipisci quod et est dolorem sed qui. A ut omnis. Et perspiciatis quibusdam maiores aliquid est fugit nam odit. Aut aliquam consectetur deleniti commodi velit. Eum eum aperiam voluptate quos quo. Ut quia doloribus a. Molestiae non est fugit enim fugiat non ea quas accusamus. Consequuntur voluptatem nesciunt dolorum expedita optio deserunt. Illo dolorem et similique.",
    "category": {
      "id": 1
    },
    "status": "published",
    "createdAt": "2022-06-12T11:03:09.829Z"
  },
  {
    "id": 17,
    "title": "Sequi Quod Repellendus",
    "content": "Odit natus dolor consequatur tempore recusandae exercitationem. Unde dolores aut. Dolor ipsam quam quis modi sint. Dolor itaque voluptatum non qui ratione nisi ullam assumenda. Nisi et aut incidunt fuga aut deserunt. Labore sit ut quia vero vel et sed suscipit. Voluptatum maiores adipisci vel molestiae minima in enim et. Repellendus autem quis nisi vero vel consectetur laborum. Similique quos voluptates officiis velit. Sapiente nihil ut ipsa autem.",
    "category": {
      "id": 2
    },
    "status": "published",
    "createdAt": "2021-10-11T08:03:00.155Z"
  },
  {
    "id": 18,
    "title": "Ad Enim Blanditiis",
    "content": "Illo et facilis deleniti voluptatem neque et optio. Eum rerum distinctio dolor omnis sequi expedita dicta reprehenderit quaerat. In eaque odio dicta ullam cumque qui neque molestias. Libero vitae quo pariatur tempore. Excepturi fuga pariatur est sint quasi. Expedita reiciendis laboriosam explicabo ratione quia laboriosam. Alias ratione ea. Minus ut nisi ad ex eligendi id vero soluta unde. Aut aut placeat reprehenderit voluptatem ut. Voluptatibus laborum modi ducimus.",
    "category": {
      "id": 1
    },
    "status": "rejected",
    "createdAt": "2022-04-16T16:34:03.319Z"
  },
  {
    "id": 19,
    "title": "Dolores Modi Natus",
    "content": "Magnam pariatur ut ab accusamus minus labore commodi. Excepturi natus hic aut illum mollitia. Ipsum incidunt adipisci rerum veritatis quae rerum. Ipsum blanditiis quisquam ea quia et in. Exercitationem rerum in. Ut quo quia et esse expedita consequatur sint culpa voluptas. Sed optio voluptas totam id aut odio voluptatum sequi. Velit aut ea esse alias voluptatem omnis numquam aut eligendi. Voluptatem natus suscipit. Praesentium enim reiciendis nihil delectus eum totam fugit accusantium fuga.",
    "category": {
      "id": 2
    },
    "status": "published",
    "createdAt": "2021-05-20T02:19:56.513Z"
  },
  {
    "id": 20,
    "title": "Repellendus Aspernatur Porro",
    "content": "Blanditiis voluptas suscipit harum. Nobis aspernatur quas. Asperiores optio id iste quis sint in modi. Ea explicabo velit numquam sed natus sed aliquam. Modi sapiente expedita suscipit neque reprehenderit qui et officiis. Quis et iusto quis veniam. Ut quis quidem incidunt adipisci non et ad ut. Quis quo illum nemo. Totam esse ut quisquam dolorum explicabo. Ea mollitia sed eos ducimus saepe ratione et doloremque.",
    "category": {
      "id": 3
    },
    "status": "rejected",
    "createdAt": "2022-01-09T07:01:11.195Z"
  },
  {
    "id": 21,
    "title": "Natus Ut Distinctio",
    "content": "Sit ut eos nulla. Assumenda ut aut aspernatur placeat rerum numquam quasi quos. Aut nihil ratione assumenda quos voluptatem. Repudiandae excepturi vel qui vel facilis non blanditiis asperiores. Et nesciunt consequatur natus incidunt sit accusantium maxime quo. Qui modi maxime est est aut ipsam et illo nihil. Voluptas enim quod tempora sit eveniet atque. Consectetur aperiam quisquam quis rerum. Maiores repellendus dolor et earum consequuntur sit qui dolor minima. Sint vitae veritatis qui consequuntur nemo impedit et.",
    "category": {
      "id": 4
    },
    "status": "published",
    "createdAt": "2023-02-01T15:32:15.719Z"
  },
  {
    "id": 22,
    "title": "Vel Labore Sint",
    "content": "Quasi magni asperiores laborum accusantium debitis in voluptas quia. Velit mollitia earum magnam maxime aut. Enim at assumenda quidem vel libero facilis vel. Enim voluptate maiores. Quia ut odio fugit tempore iste qui et. Sit eaque voluptate omnis dolorem perspiciatis deleniti non qui assumenda. Possimus et rerum nam possimus inventore dolorem corrupti earum. Architecto consequuntur et cupiditate. Molestiae nisi facere qui ut saepe quis. Eius adipisci tempore itaque sed odio veniam harum quia.",
    "category": {
      "id": 5
    },
    "status": "rejected",
    "createdAt": "2022-02-27T09:01:32.679Z"
  },
  {
    "id": 23,
    "title": "Minus Nulla Molestias",
    "content": "Qui velit dolorem fuga ad quas omnis harum. Ipsam sint ipsam quos nam sed adipisci. Aut adipisci asperiores tenetur laborum accusantium sint atque. Optio delectus fugiat iusto ut consequatur non delectus sit. Aut corrupti est sequi rerum asperiores fuga aut velit laborum. Quaerat magnam fuga dolores. Vel tenetur neque sapiente. Soluta quia autem delectus eos eveniet. Qui quis et velit molestiae enim qui explicabo dolor. Sit placeat molestias fugiat optio repellat voluptas.",
    "category": {
      "id": 6
    },
    "status": "rejected",
    "createdAt": "2022-11-07T12:30:27.331Z"
  },
  {
    "id": 24,
    "title": "Quibusdam Ut Natus",
    "content": "Minus nam fugiat veritatis sequi ut. Iure nisi hic exercitationem rerum tempore earum. Rerum velit nemo est omnis nulla consequatur excepturi aut. Iusto ut autem porro commodi non. Et excepturi et aliquid alias qui minima nostrum deleniti. Ut qui consequatur voluptatem. Recusandae eos et odit neque. Non quaerat voluptatem molestiae necessitatibus. Et omnis dolore aperiam delectus. Rerum et et libero.",
    "category": {
      "id": 7
    },
    "status": "draft",
    "createdAt": "2021-12-18T05:22:45.857Z"
  },
  {
    "id": 25,
    "title": "Nam Voluptas Ipsum",
    "content": "Eum quaerat nostrum nulla consequatur quia quod autem minus. Quis omnis corrupti qui dolores. Non soluta suscipit. Ut distinctio eius consequuntur unde ab vel nobis sint nostrum. Natus omnis omnis debitis. Porro sit rerum vitae officiis dolorem veniam occaecati amet. Vitae et facilis provident enim et perferendis dolorum voluptatum. Fugiat provident explicabo ut libero aperiam dolore voluptatem. Et reiciendis error cupiditate blanditiis ea velit in incidunt. Doloribus et quis totam.",
    "category": {
      "id": 8
    },
    "status": "rejected",
    "createdAt": "2021-11-21T05:29:05.942Z"
  },
  {
    "id": 26,
    "title": "Nam Placeat Expedita",
    "content": "Et iusto vel aut animi mollitia. Nesciunt nobis sunt et dolore soluta. Dolore doloremque qui vero ut. Aperiam maiores ea. Consequuntur omnis eos. Ipsam reprehenderit cupiditate maiores est fuga dolorum repellendus quisquam dolorem. Consequatur ea reprehenderit nulla quia occaecati laboriosam. Maiores dicta in tempora. Tempora et adipisci aspernatur est. Ipsum et molestiae illum fugiat.",
    "category": {
      "id": 9
    },
    "status": "rejected",
    "createdAt": "2023-05-05T19:52:59.535Z"
  },
  {
    "id": 27,
    "title": "Rerum Voluptatem Sunt",
    "content": "Voluptas et cumque numquam. Suscipit eum cumque cupiditate vel possimus voluptatibus est ut. Optio molestiae nisi officiis sint sed vel provident accusantium. Omnis voluptatum officiis voluptatem numquam necessitatibus quisquam. A sit quae numquam numquam est. Aut in placeat. Modi quod et quaerat autem nemo. Amet in laudantium. Quis adipisci facere. Sed suscipit labore.",
    "category": {
      "id": 4
    },
    "status": "rejected",
    "createdAt": "2021-06-26T00:07:45.503Z"
  },
  {
    "id": 28,
    "title": "In Sequi Recusandae",
    "content": "Quia sit nulla occaecati enim. Totam rerum delectus. Quidem dolorum a rerum odio. Et molestias magnam amet sint soluta nemo. Dolore incidunt voluptatum quo recusandae quis consectetur est rerum nobis. Sit facere dignissimos libero et sint unde nam atque sunt. Tenetur facilis eos animi animi possimus. Qui maxime ut eum. Quas accusantium non rerum accusantium id soluta. Illum fugiat similique cumque.",
    "category": {
      "id": 2
    },
    "status": "draft",
    "createdAt": "2021-10-02T13:20:44.138Z"
  },
  {
    "id": 29,
    "title": "Impedit Maiores Consequatur",
    "content": "Quibusdam sed incidunt assumenda. Nulla unde optio. Reiciendis placeat provident aut culpa aut nam et quis dolores. Ipsa velit non enim est earum quae velit totam corporis. Quod unde recusandae. Dolores et sed vel illo perferendis vitae sunt et. Cumque voluptatem dolores aut illum. Qui voluptates id ut est maxime adipisci rerum. Enim porro quo repudiandae dolore enim incidunt iste. Perferendis adipisci dicta harum.",
    "category": {
      "id": 3
    },
    "status": "draft",
    "createdAt": "2021-06-06T15:12:04.543Z"
  },
  {
    "id": 30,
    "title": "Deserunt Ut Enim",
    "content": "Explicabo quaerat officia rerum nobis non sint. Fugit blanditiis ipsum et tempora iure eaque quo. Ratione sed voluptatem rerum ad illum veniam sint. Excepturi aliquam et. Dolor reprehenderit reiciendis quia voluptatem accusamus odio et et. Voluptatem maxime enim reprehenderit veritatis voluptatem maxime. Non quia adipisci molestiae dolorem voluptatum ipsam libero sed. Illo et voluptatem. Atque sit eos et fugit fugiat quia sed aliquam eveniet. Veniam nulla dolorem exercitationem blanditiis consequatur ipsam.",
    "category": {
      "id": 9
    },
    "status": "draft",
    "createdAt": "2022-04-24T18:07:20.293Z"
  }
]
