[
  {
    "id": 1,
    "title": "Sint Ipsam Tempora"
  },
  {
    "id": 2,
    "title": "Neque Consequuntur Dicta"
  },
  {
    "id": 3,
    "title": "Totam Similique Quidem"
  },
  {
    "id": 4,
    "title": "Enim Perferendis Praesentium"
  },
  {
    "id": 5,
    "title": "Neque Quidem Est"
  },
  {
    "id": 6,
    "title": "Cumque Cumque Fuga"
  },
  {
    "id": 7,
    "title": "Beatae Voluptatem Voluptas"
  },
  {
    "id": 8,
    "title": "Dolor Laudantium Quia"
  },
  {
    "id": 9,
    "title": "Sint Libero Sint"
  },
  {
    "id": 10,
    "title": "Placeat Excepturi Ad"
  }
]
